MaChuongTrinh,NgayBD,NgayKT
MA001,01/01/2024,03/01/2025
MA002,02/01/2024,04/01/2024
MA003,03/01/2024,05/01/2024
MA004,04/01/2024,06/01/2025
MA005,05/01/2024,07/01/2024
MA006,06/01/2024,08/01/2024
MA007,07/01/2024,09/01/2025
MA008,08/01/2024,10/01/2024
MA009,09/01/2024,11/01/2024
MA010,10/01/2024,12/01/2024
MA011,11/01/2024,01/01/2025
MA012,12/01/2024,02/01/2025
MA013,01/15/2024,03/15/2024
MA014,01/18/2024,03/18/2024
MA015,02/01/2024,04/01/2024
MA016,02/05/2024,04/05/2024
MA017,03/01/2024,05/01/2024
MA018,04/01/2024,06/01/2024
MA019,05/01/2024,07/01/2024
MA020,06/01/2024,11/29/2024