MaCN,MaMon,GiaoHang
1,MM001,1
1,MM002,1
1,MM003,1
1,MM004,1
1,MM005,1
1,MM006,1
1,MM007,1
1,MM008,1
1,MM009,1
1,MM010,1
1,MM011,1
1,MM012,1
1,MM013,1
1,MM014,1
1,MM015,1
1,MM016,1
1,MM017,1
1,MM018,1
1,MM019,1
1,MM020,1
1,MM021,1
1,MM022,1
1,MM023,1
1,MM024,1
1,MM025,1
1,MM026,1
1,MM027,1
1,MM028,1
1,MM029,1
1,MM030,1
1,MM031,1
1,MM032,1
1,MM033,1
1,MM034,1
1,MM035,1
1,MM036,1
1,MM037,1
1,MM038,1
1,MM039,1
1,MM040,1
1,MM041,1
1,MM042,1
1,MM043,1
1,MM044,1
1,MM045,1
1,MM046,1
1,MM047,1
1,MM048,1
1,MM049,1
1,MM050,1
1,MM051,1
1,MM052,1
1,MM053,1
1,MM054,1
1,MM055,1
1,MM056,1
1,MM057,1
1,MM058,1
1,MM059,1
1,MM060,1
1,MM061,1
1,MM062,1
1,MM063,1
1,MM064,1
1,MM065,1
1,MM066,1
1,MM067,1
1,MM068,1
1,MM069,1
1,MM070,1
1,MM071,1
1,MM072,1
1,MM073,1
1,MM074,1
1,MM075,1
1,MM076,1
1,MM077,1
1,MM078,1
1,MM079,1
1,MM080,1
1,MM081,1
1,MM082,1
1,MM083,1
1,MM084,1
1,MM085,1
1,MM086,1
1,MM087,1
1,MM088,1
1,MM089,1
1,MM090,1
1,MM091,1
1,MM092,1
1,MM093,1
1,MM094,1
1,MM095,1
1,MM096,1
1,MM097,1
1,MM098,1
1,MM099,1
1,MM100,1
1,MM101,1
1,MM102,1
1,MM103,1
1,MM104,1
1,MM105,1
1,MM106,1
1,MM107,1
1,MM108,1
1,MM109,1
1,MM110,1
1,MM111,1
1,MM112,1
1,MM113,1
1,MM114,1
1,MM115,1
1,MM116,1
1,MM117,1
1,MM118,1
1,MM119,1
1,MM120,1
1,MM121,1
1,MM122,1
1,MM123,1
1,MM124,1
1,MM125,1
1,MM126,1
1,MM127,1
1,MM128,1
1,MM129,1
1,MM130,1
1,MM131,1
1,MM132,1
1,MM133,1
1,MM134,1
1,MM135,1
1,MM136,1
1,MM137,1
1,MM138,1
1,MM139,1
1,MM140,1
1,MM141,1
1,MM142,1
1,MM143,1
1,MM144,1
1,MM145,1
1,MM146,1
1,MM147,1
1,MM148,1
1,MM149,1
1,MM150,1
1,MM151,1
1,MM152,1
1,MM153,1
1,MM154,1
1,MM155,1
1,MM156,1
1,MM157,1
1,MM158,1
1,MM159,1
1,MM160,1
1,MM161,1
1,MM162,1
1,MM163,1
1,MM164,1
1,MM165,1
1,MM166,1
1,MM167,1
1,MM168,1
1,MM169,1
1,MM170,1
1,MM171,1
1,MM172,1
1,MM173,1
1,MM174,1
1,MM175,1
1,MM176,1
1,MM177,1
1,MM178,1
1,MM179,1
1,MM180,1
1,MM181,1
1,MM182,1
1,MM183,1
1,MM184,1
1,MM185,1
1,MM186,1
1,MM187,1
1,MM188,1
1,MM189,1
1,MM190,1
1,MM191,1
1,MM192,1
1,MM193,1
1,MM194,1
1,MM195,1
1,MM196,1
1,MM197,1
1,MM198,1
1,MM199,1
1,MM200,1
1,MM201,1
1,MM202,1
1,MM203,1
1,MM204,1
1,MM205,1
1,MM206,1
1,MM207,1
1,MM208,1
1,MM209,1
1,MM210,1
1,MM211,1
1,MM212,1
1,MM213,1
1,MM214,1
1,MM215,1
1,MM216,1
1,MM217,1
1,MM218,1
1,MM219,1
1,MM220,1
2,MM001,1
2,MM002,1
2,MM003,1
2,MM004,1
2,MM005,1
2,MM006,1
2,MM007,1
2,MM008,1
2,MM009,1
2,MM010,1
2,MM011,1
2,MM012,1
2,MM013,1
2,MM014,1
2,MM015,1
2,MM016,1
2,MM017,1
2,MM018,1
2,MM019,1
2,MM020,1
2,MM021,1
2,MM022,1
2,MM023,1
2,MM024,1
2,MM025,1
2,MM026,1
2,MM027,1
2,MM028,1
2,MM029,1
2,MM030,1
2,MM031,1
2,MM032,1
2,MM033,1
2,MM034,1
2,MM035,1
2,MM036,1
2,MM037,1
2,MM038,1
2,MM039,1
2,MM040,1
2,MM041,1
2,MM042,1
2,MM043,1
2,MM044,1
2,MM045,1
2,MM046,1
2,MM047,1
2,MM048,1
2,MM049,1
2,MM050,1
2,MM051,1
2,MM052,1
2,MM053,1
2,MM054,1
2,MM055,1
2,MM056,1
2,MM057,1
2,MM058,1
2,MM059,1
2,MM060,1
2,MM061,1
2,MM062,1
2,MM063,1
2,MM064,1
2,MM065,1
2,MM066,1
2,MM067,1
2,MM068,1
2,MM069,1
2,MM070,1
2,MM071,1
2,MM072,1
2,MM073,1
2,MM074,1
2,MM075,1
2,MM076,1
2,MM077,1
2,MM078,1
2,MM079,1
2,MM080,1
2,MM081,1
2,MM082,1
2,MM083,1
2,MM084,1
2,MM085,1
2,MM086,1
2,MM087,1
2,MM088,1
2,MM089,1
2,MM090,1
2,MM091,1
2,MM092,1
2,MM093,1
2,MM094,1
2,MM095,1
2,MM096,1
2,MM097,1
2,MM098,1
2,MM099,1
2,MM100,1
2,MM101,1
2,MM102,1
2,MM103,1
2,MM104,1
2,MM105,1
2,MM106,1
2,MM107,1
2,MM108,1
2,MM109,1
2,MM110,1
2,MM111,1
2,MM112,1
2,MM113,1
2,MM114,1
2,MM115,1
2,MM116,1
2,MM117,1
2,MM118,1
2,MM119,1
2,MM120,1
2,MM121,1
2,MM122,1
2,MM123,1
2,MM124,1
2,MM125,1
2,MM126,1
2,MM127,1
2,MM128,1
2,MM129,1
2,MM130,1
2,MM131,1
2,MM132,1
2,MM133,1
2,MM134,1
2,MM135,1
2,MM136,1
2,MM137,1
2,MM138,1
2,MM139,1
2,MM140,1
2,MM141,1
2,MM142,1
2,MM143,1
2,MM144,1
2,MM145,1
2,MM146,1
2,MM147,1
2,MM148,1
2,MM149,1
2,MM150,1
2,MM151,1
2,MM152,1
2,MM153,1
2,MM154,1
2,MM155,1
2,MM156,1
2,MM157,1
2,MM158,1
2,MM159,1
2,MM160,1
2,MM161,1
2,MM162,1
2,MM163,1
2,MM164,1
2,MM165,1
2,MM166,1
2,MM167,1
2,MM168,1
2,MM169,1
2,MM170,1
2,MM171,1
2,MM172,1
2,MM173,1
2,MM174,1
2,MM175,1
2,MM176,1
2,MM177,1
2,MM178,1
2,MM179,1
2,MM180,1
2,MM181,1
2,MM182,1
2,MM183,1
2,MM184,1
2,MM185,1
2,MM186,1
2,MM187,1
2,MM188,1
2,MM189,1
2,MM190,1
2,MM191,1
2,MM192,1
2,MM193,1
2,MM194,1
2,MM195,1
2,MM196,1
2,MM197,1
2,MM198,1
2,MM199,1
2,MM200,1
2,MM201,1
2,MM202,1
2,MM203,1
2,MM204,1
2,MM205,1
2,MM206,1
2,MM207,1
2,MM208,1
2,MM209,1
2,MM210,1
2,MM211,1
2,MM212,1
2,MM213,1
2,MM214,1
2,MM215,1
2,MM216,1
2,MM217,1
2,MM218,1
2,MM219,1
2,MM220,1
3,MM001,1
3,MM002,1
3,MM003,1
3,MM004,1
3,MM005,1
3,MM006,1
3,MM007,1
3,MM008,1
3,MM009,1
3,MM010,1
3,MM011,1
3,MM012,1
3,MM013,1
3,MM014,1
3,MM015,1
3,MM016,1
3,MM017,1
3,MM018,1
3,MM019,1
3,MM020,1
3,MM021,1
3,MM022,1
3,MM023,1
3,MM024,1
3,MM025,1
3,MM026,1
3,MM027,1
3,MM028,1
3,MM029,1
3,MM030,1
3,MM031,1
3,MM032,1
3,MM033,1
3,MM034,1
3,MM035,1
3,MM036,1
3,MM037,1
3,MM038,1
3,MM039,1
3,MM040,1
3,MM041,1
3,MM042,1
3,MM043,1
3,MM044,1
3,MM045,1
3,MM046,1
3,MM047,1
3,MM048,1
3,MM049,1
3,MM050,1
3,MM051,1
3,MM052,1
3,MM053,1
3,MM054,1
3,MM055,1
3,MM056,1
3,MM057,1
3,MM058,1
3,MM059,1
3,MM060,1
3,MM061,1
3,MM062,1
3,MM063,1
3,MM064,1
3,MM065,1
3,MM066,1
3,MM067,1
3,MM068,1
3,MM069,1
3,MM070,1
3,MM071,1
3,MM072,1
3,MM073,1
3,MM074,1
3,MM075,1
3,MM076,1
3,MM077,1
3,MM078,1
3,MM079,1
3,MM080,1
3,MM081,1
3,MM082,1
3,MM083,1
3,MM084,1
3,MM085,1
3,MM086,1
3,MM087,1
3,MM088,1
3,MM089,1
3,MM090,1
3,MM091,1
3,MM092,1
3,MM093,1
3,MM094,1
3,MM095,1
3,MM096,1
3,MM097,1
3,MM098,1
3,MM099,1
3,MM100,1
3,MM101,1
3,MM102,1
3,MM103,1
3,MM104,1
3,MM105,1
3,MM106,1
3,MM107,1
3,MM108,1
3,MM109,1
3,MM110,1
3,MM111,1
3,MM112,1
3,MM113,1
3,MM114,1
3,MM115,1
3,MM116,1
3,MM117,1
3,MM118,1
3,MM119,1
3,MM120,1
3,MM121,1
3,MM122,1
3,MM123,1
3,MM124,1
3,MM125,1
3,MM126,1
3,MM127,1
3,MM128,1
3,MM129,1
3,MM130,1
3,MM131,1
3,MM132,1
3,MM133,1
3,MM134,1
3,MM135,1
3,MM136,1
3,MM137,1
3,MM138,1
3,MM139,1
3,MM140,1
3,MM141,1
3,MM142,1
3,MM143,1
3,MM144,1
3,MM145,1
3,MM146,1
3,MM147,1
3,MM148,1
3,MM149,1
3,MM150,1
3,MM151,1
3,MM152,1
3,MM153,1
3,MM154,1
3,MM155,1
3,MM156,1
3,MM157,1
3,MM158,1
3,MM159,1
3,MM160,1
3,MM161,1
3,MM162,1
3,MM163,1
3,MM164,1
3,MM165,1
3,MM166,1
3,MM167,1
3,MM168,1
3,MM169,1
3,MM170,1
3,MM171,1
3,MM172,1
3,MM173,1
3,MM174,1
3,MM175,1
3,MM176,1
3,MM177,1
3,MM178,1
3,MM179,1
3,MM180,1
3,MM181,1
3,MM182,1
3,MM183,1
3,MM184,1
3,MM185,1
3,MM186,1
3,MM187,1
3,MM188,1
3,MM189,1
3,MM190,1
3,MM191,1
3,MM192,1
3,MM193,1
3,MM194,1
3,MM195,1
3,MM196,1
3,MM197,1
3,MM198,1
3,MM199,1
3,MM200,1
3,MM201,1
3,MM202,1
3,MM203,1
3,MM204,1
3,MM205,1
3,MM206,1
3,MM207,1
3,MM208,1
3,MM209,1
3,MM210,1
3,MM211,1
3,MM212,1
3,MM213,1
3,MM214,1
3,MM215,1
3,MM216,1
3,MM217,1
3,MM218,1
3,MM219,1
3,MM220,1
4,MM001,1
4,MM002,1
4,MM003,1
4,MM004,1
4,MM005,1
4,MM006,1
4,MM007,1
4,MM008,1
4,MM009,1
4,MM010,1
4,MM011,1
4,MM012,1
4,MM013,1
4,MM014,1
4,MM015,1
4,MM016,1
4,MM017,1
4,MM018,1
4,MM019,1
4,MM020,1
4,MM021,1
4,MM022,1
4,MM023,1
4,MM024,1
4,MM025,1
4,MM026,1
4,MM027,1
4,MM028,1
4,MM029,1
4,MM030,1
4,MM031,1
4,MM032,1
4,MM033,1
4,MM034,1
4,MM035,1
4,MM036,1
4,MM037,1
4,MM038,1
4,MM039,1
4,MM040,1
4,MM041,1
4,MM042,1
4,MM043,1
4,MM044,1
4,MM045,1
4,MM046,1
4,MM047,1
4,MM048,1
4,MM049,1
4,MM050,1
4,MM051,1
4,MM052,1
4,MM053,1
4,MM054,1
4,MM055,1
4,MM056,1
4,MM057,1
4,MM058,1
4,MM059,1
4,MM060,1
4,MM061,1
4,MM062,1
4,MM063,1
4,MM064,1
4,MM065,1
4,MM066,1
4,MM067,1
4,MM068,1
4,MM069,1
4,MM070,1
4,MM071,1
4,MM072,1
4,MM073,1
4,MM074,1
4,MM075,1
4,MM076,1
4,MM077,1
4,MM078,1
4,MM079,1
4,MM080,1
4,MM081,1
4,MM082,1
4,MM083,1
4,MM084,1
4,MM085,1
4,MM086,1
4,MM087,1
4,MM088,1
4,MM089,1
4,MM090,1
4,MM091,1
4,MM092,1
4,MM093,1
4,MM094,1
4,MM095,1
4,MM096,1
4,MM097,1
4,MM098,1
4,MM099,1
4,MM100,1
4,MM101,1
4,MM102,1
4,MM103,1
4,MM104,1
4,MM105,1
4,MM106,1
4,MM107,1
4,MM108,1
4,MM109,1
4,MM110,1
4,MM111,1
4,MM112,1
4,MM113,1
4,MM114,1
4,MM115,1
4,MM116,1
4,MM117,1
4,MM118,1
4,MM119,1
4,MM120,1
4,MM121,1
4,MM122,1
4,MM123,1
4,MM124,1
4,MM125,1
4,MM126,1
4,MM127,1
4,MM128,1
4,MM129,1
4,MM130,1
4,MM131,1
4,MM132,1
4,MM133,1
4,MM134,1
4,MM135,1
4,MM136,1
4,MM137,1
4,MM138,1
4,MM139,1
4,MM140,1
4,MM141,1
4,MM142,1
4,MM143,1
4,MM144,1
4,MM145,1
4,MM146,1
4,MM147,1
4,MM148,1
4,MM149,1
4,MM150,1
4,MM151,1
4,MM152,1
4,MM153,1
4,MM154,1
4,MM155,1
4,MM156,1
4,MM157,1
4,MM158,1
4,MM159,1
4,MM160,1
4,MM161,1
4,MM162,1
4,MM163,1
4,MM164,1
4,MM165,1
4,MM166,1
4,MM167,1
4,MM168,1
4,MM169,1
4,MM170,1
4,MM171,1
4,MM172,1
4,MM173,1
4,MM174,1
4,MM175,1
4,MM176,1
4,MM177,1
4,MM178,1
4,MM179,1
4,MM180,1
4,MM181,1
4,MM182,1
4,MM183,1
4,MM184,1
4,MM185,1
4,MM186,1
4,MM187,1
4,MM188,1
4,MM189,1
4,MM190,1
4,MM191,1
4,MM192,1
4,MM193,1
4,MM194,1
4,MM195,1
4,MM196,1
4,MM197,1
4,MM198,1
4,MM199,1
4,MM200,1
4,MM201,1
4,MM202,1
4,MM203,1
4,MM204,1
4,MM205,1
4,MM206,1
4,MM207,1
4,MM208,1
4,MM209,1
4,MM210,1
4,MM211,1
4,MM212,1
4,MM213,1
4,MM214,1
4,MM215,1
4,MM216,1
4,MM217,1
4,MM218,1
4,MM219,1
4,MM220,1
5,MM001,1
5,MM002,1
5,MM003,1
5,MM004,1
5,MM005,1
5,MM006,1
5,MM007,1
5,MM008,1
5,MM009,1
5,MM010,1
5,MM011,1
5,MM012,1
5,MM013,1
5,MM014,1
5,MM015,1
5,MM016,1
5,MM017,1
5,MM018,1
5,MM019,1
5,MM020,1
5,MM021,1
5,MM022,1
5,MM023,1
5,MM024,1
5,MM025,1
5,MM026,1
5,MM027,1
5,MM028,1
5,MM029,1
5,MM030,1
5,MM031,1
5,MM032,1
5,MM033,1
5,MM034,1
5,MM035,1
5,MM036,1
5,MM037,1
5,MM038,1
5,MM039,1
5,MM040,1
5,MM041,1
5,MM042,1
5,MM043,1
5,MM044,1
5,MM045,1
5,MM046,1
5,MM047,1
5,MM048,1
5,MM049,1
5,MM050,1
5,MM051,1
5,MM052,1
5,MM053,1
5,MM054,1
5,MM055,1
5,MM056,1
5,MM057,1
5,MM058,1
5,MM059,1
5,MM060,1
5,MM061,1
5,MM062,1
5,MM063,1
5,MM064,1
5,MM065,1
5,MM066,1
5,MM067,1
5,MM068,1
5,MM069,1
5,MM070,1
5,MM071,1
5,MM072,1
5,MM073,1
5,MM074,1
5,MM075,1
5,MM076,1
5,MM077,1
5,MM078,1
5,MM079,1
5,MM080,1
5,MM081,1
5,MM082,1
5,MM083,1
5,MM084,1
5,MM085,1
5,MM086,1
5,MM087,1
5,MM088,1
5,MM089,1
5,MM090,1
5,MM091,1
5,MM092,1
5,MM093,1
5,MM094,1
5,MM095,1
5,MM096,1
5,MM097,1
5,MM098,1
5,MM099,1
5,MM100,1
5,MM101,1
5,MM102,1
5,MM103,1
5,MM104,1
5,MM105,1
5,MM106,1
5,MM107,1
5,MM108,1
5,MM109,1
5,MM110,1
5,MM111,1
5,MM112,1
5,MM113,1
5,MM114,1
5,MM115,1
5,MM116,1
5,MM117,1
5,MM118,1
5,MM119,1
5,MM120,1
5,MM121,1
5,MM122,1
5,MM123,1
5,MM124,1
5,MM125,1
5,MM126,1
5,MM127,1
5,MM128,1
5,MM129,1
5,MM130,1
5,MM131,1
5,MM132,1
5,MM133,1
5,MM134,1
5,MM135,1
5,MM136,1
5,MM137,1
5,MM138,1
5,MM139,1
5,MM140,1
5,MM141,1
5,MM142,1
5,MM143,1
5,MM144,1
5,MM145,1
5,MM146,1
5,MM147,1
5,MM148,1
5,MM149,1
5,MM150,1
5,MM151,1
5,MM152,1
5,MM153,1
5,MM154,1
5,MM155,1
5,MM156,1
5,MM157,1
5,MM158,1
5,MM159,1
5,MM160,1
5,MM161,1
5,MM162,1
5,MM163,1
5,MM164,1
5,MM165,1
5,MM166,1
5,MM167,1
5,MM168,1
5,MM169,1
5,MM170,1
5,MM171,1
5,MM172,1
5,MM173,1
5,MM174,1
5,MM175,1
5,MM176,1
5,MM177,1
5,MM178,1
5,MM179,1
5,MM180,1
5,MM181,1
5,MM182,1
5,MM183,1
5,MM184,1
5,MM185,1
5,MM186,1
5,MM187,1
5,MM188,1
5,MM189,1
5,MM190,1
5,MM191,1
5,MM192,1
5,MM193,1
5,MM194,1
5,MM195,1
5,MM196,1
5,MM197,1
5,MM198,1
5,MM199,1
5,MM200,1
5,MM201,1
5,MM202,1
5,MM203,1
5,MM204,1
5,MM205,1
5,MM206,1
5,MM207,1
5,MM208,1
5,MM209,1
5,MM210,1
5,MM211,1
5,MM212,1
5,MM213,1
5,MM214,1
5,MM215,1
5,MM216,1
5,MM217,1
5,MM218,1
5,MM219,1
5,MM220,1
6,MM001,1
6,MM002,1
6,MM003,1
6,MM004,1
6,MM005,1
6,MM006,1
6,MM007,1
6,MM008,1
6,MM009,1
6,MM010,1
6,MM011,1
6,MM012,1
6,MM013,1
6,MM014,1
6,MM015,1
6,MM016,1
6,MM017,1
6,MM018,1
6,MM019,1
6,MM020,1
6,MM021,1
6,MM022,1
6,MM023,1
6,MM024,1
6,MM025,1
6,MM026,1
6,MM027,1
6,MM028,1
6,MM029,1
6,MM030,1
6,MM031,1
6,MM032,1
6,MM033,1
6,MM034,1
6,MM035,1
6,MM036,1
6,MM037,1
6,MM038,1
6,MM039,1
6,MM040,1
6,MM041,1
6,MM042,1
6,MM043,1
6,MM044,1
6,MM045,1
6,MM046,1
6,MM047,1
6,MM048,1
6,MM049,1
6,MM050,1
6,MM051,1
6,MM052,1
6,MM053,1
6,MM054,1
6,MM055,1
6,MM056,1
6,MM057,1
6,MM058,1
6,MM059,1
6,MM060,1
6,MM061,1
6,MM062,1
6,MM063,1
6,MM064,1
6,MM065,1
6,MM066,1
6,MM067,1
6,MM068,1
6,MM069,1
6,MM070,1
6,MM071,1
6,MM072,1
6,MM073,1
6,MM074,1
6,MM075,1
6,MM076,1
6,MM077,1
6,MM078,1
6,MM079,1
6,MM080,1
6,MM081,1
6,MM082,1
6,MM083,1
6,MM084,1
6,MM085,1
6,MM086,1
6,MM087,1
6,MM088,1
6,MM089,1
6,MM090,1
6,MM091,1
6,MM092,1
6,MM093,1
6,MM094,1
6,MM095,1
6,MM096,1
6,MM097,1
6,MM098,1
6,MM099,1
6,MM100,1
6,MM101,1
6,MM102,1
6,MM103,1
6,MM104,1
6,MM105,1
6,MM106,1
6,MM107,1
6,MM108,1
6,MM109,1
6,MM110,1
6,MM111,1
6,MM112,1
6,MM113,1
6,MM114,1
6,MM115,1
6,MM116,1
6,MM117,1
6,MM118,1
6,MM119,1
6,MM120,1
6,MM121,1
6,MM122,1
6,MM123,1
6,MM124,1
6,MM125,1
6,MM126,1
6,MM127,1
6,MM128,1
6,MM129,1
6,MM130,1
6,MM131,1
6,MM132,1
6,MM133,1
6,MM134,1
6,MM135,1
6,MM136,1
6,MM137,1
6,MM138,1
6,MM139,1
6,MM140,1
6,MM141,1
6,MM142,1
6,MM143,1
6,MM144,1
6,MM145,1
6,MM146,1
6,MM147,1
6,MM148,1
6,MM149,1
6,MM150,1
6,MM151,1
6,MM152,1
6,MM153,1
6,MM154,1
6,MM155,1
6,MM156,1
6,MM157,1
6,MM158,1
6,MM159,1
6,MM160,1
6,MM161,1
6,MM162,1
6,MM163,1
6,MM164,1
6,MM165,1
6,MM166,1
6,MM167,1
6,MM168,1
6,MM169,1
6,MM170,1
6,MM171,1
6,MM172,1
6,MM173,1
6,MM174,1
6,MM175,1
6,MM176,1
6,MM177,1
6,MM178,1
6,MM179,1
6,MM180,1
6,MM181,1
6,MM182,1
6,MM183,1
6,MM184,1
6,MM185,1
6,MM186,1
6,MM187,1
6,MM188,1
6,MM189,1
6,MM190,1
6,MM191,1
6,MM192,1
6,MM193,1
6,MM194,1
6,MM195,1
6,MM196,1
6,MM197,1
6,MM198,1
6,MM199,1
6,MM200,1
6,MM201,1
6,MM202,1
6,MM203,1
6,MM204,1
6,MM205,1
6,MM206,1
6,MM207,1
6,MM208,1
6,MM209,1
6,MM210,1
6,MM211,1
6,MM212,1
6,MM213,1
6,MM214,1
6,MM215,1
6,MM216,1
6,MM217,1
6,MM218,1
6,MM219,1
6,MM220,1
7,MM001,1
7,MM002,1
7,MM003,1
7,MM004,1
7,MM005,1
7,MM006,1
7,MM007,1
7,MM008,1
7,MM009,1
7,MM010,1
7,MM011,1
7,MM012,1
7,MM013,1
7,MM014,1
7,MM015,1
7,MM016,1
7,MM017,1
7,MM018,1
7,MM019,1
7,MM020,1
7,MM021,1
7,MM022,1
7,MM023,1
7,MM024,1
7,MM025,1
7,MM026,1
7,MM027,1
7,MM028,1
7,MM029,1
7,MM030,1
7,MM031,1
7,MM032,1
7,MM033,1
7,MM034,1
7,MM035,1
7,MM036,1
7,MM037,1
7,MM038,1
7,MM039,1
7,MM040,1
7,MM041,1
7,MM042,1
7,MM043,1
7,MM044,1
7,MM045,1
7,MM046,1
7,MM047,1
7,MM048,1
7,MM049,1
7,MM050,1
7,MM051,1
7,MM052,1
7,MM053,1
7,MM054,1
7,MM055,1
7,MM056,1
7,MM057,1
7,MM058,1
7,MM059,1
7,MM060,1
7,MM061,1
7,MM062,1
7,MM063,1
7,MM064,1
7,MM065,1
7,MM066,1
7,MM067,1
7,MM068,1
7,MM069,1
7,MM070,1
7,MM071,1
7,MM072,1
7,MM073,1
7,MM074,1
7,MM075,1
7,MM076,1
7,MM077,1
7,MM078,1
7,MM079,1
7,MM080,1
7,MM081,1
7,MM082,1
7,MM083,1
7,MM084,1
7,MM085,1
7,MM086,1
7,MM087,1
7,MM088,1
7,MM089,1
7,MM090,1
7,MM091,1
7,MM092,1
7,MM093,1
7,MM094,1
7,MM095,1
7,MM096,1
7,MM097,1
7,MM098,1
7,MM099,1
7,MM100,1
7,MM101,1
7,MM102,1
7,MM103,1
7,MM104,1
7,MM105,1
7,MM106,1
7,MM107,1
7,MM108,1
7,MM109,1
7,MM110,1
7,MM111,1
7,MM112,1
7,MM113,1
7,MM114,1
7,MM115,1
7,MM116,1
7,MM117,1
7,MM118,1
7,MM119,1
7,MM120,1
7,MM121,1
7,MM122,1
7,MM123,1
7,MM124,1
7,MM125,1
7,MM126,1
7,MM127,1
7,MM128,1
7,MM129,1
7,MM130,1
7,MM131,1
7,MM132,1
7,MM133,1
7,MM134,1
7,MM135,1
7,MM136,1
7,MM137,1
7,MM138,1
7,MM139,1
7,MM140,1
7,MM141,1
7,MM142,1
7,MM143,1
7,MM144,1
7,MM145,1
7,MM146,1
7,MM147,1
7,MM148,1
7,MM149,1
7,MM150,1
7,MM151,1
7,MM152,1
7,MM153,1
7,MM154,1
7,MM155,1
7,MM156,1
7,MM157,1
7,MM158,1
7,MM159,1
7,MM160,1
7,MM161,1
7,MM162,1
7,MM163,1
7,MM164,1
7,MM165,1
7,MM166,1
7,MM167,1
7,MM168,1
7,MM169,1
7,MM170,1
7,MM171,1
7,MM172,1
7,MM173,1
7,MM174,1
7,MM175,1
7,MM176,1
7,MM177,1
7,MM178,1
7,MM179,1
7,MM180,1
7,MM181,1
7,MM182,1
7,MM183,1
7,MM184,1
7,MM185,1
7,MM186,1
7,MM187,1
7,MM188,1
7,MM189,1
7,MM190,1
7,MM191,1
7,MM192,1
7,MM193,1
7,MM194,1
7,MM195,1
7,MM196,1
7,MM197,1
7,MM198,1
7,MM199,1
7,MM200,1
7,MM201,1
7,MM202,1
7,MM203,1
7,MM204,1
7,MM205,1
7,MM206,1
7,MM207,1
7,MM208,1
7,MM209,1
7,MM210,1
7,MM211,1
7,MM212,1
7,MM213,1
7,MM214,1
7,MM215,1
7,MM216,1
7,MM217,1
7,MM218,1
7,MM219,1
7,MM220,1
8,MM001,1
8,MM002,1
8,MM003,1
8,MM004,1
8,MM005,1
8,MM006,1
8,MM007,1
8,MM008,1
8,MM009,1
8,MM010,1
8,MM011,1
8,MM012,1
8,MM013,1
8,MM014,1
8,MM015,1
8,MM016,1
8,MM017,1
8,MM018,1
8,MM019,1
8,MM020,1
8,MM021,1
8,MM022,1
8,MM023,1
8,MM024,1
8,MM025,1
8,MM026,1
8,MM027,1
8,MM028,1
8,MM029,1
8,MM030,1
8,MM031,1
8,MM032,1
8,MM033,1
8,MM034,1
8,MM035,1
8,MM036,1
8,MM037,1
8,MM038,1
8,MM039,1
8,MM040,1
8,MM041,1
8,MM042,1
8,MM043,1
8,MM044,1
8,MM045,1
8,MM046,1
8,MM047,1
8,MM048,1
8,MM049,1
8,MM050,1
8,MM051,1
8,MM052,1
8,MM053,1
8,MM054,1
8,MM055,1
8,MM056,1
8,MM057,1
8,MM058,1
8,MM059,1
8,MM060,1
8,MM061,1
8,MM062,1
8,MM063,1
8,MM064,1
8,MM065,1
8,MM066,1
8,MM067,1
8,MM068,1
8,MM069,1
8,MM070,1
8,MM071,1
8,MM072,1
8,MM073,1
8,MM074,1
8,MM075,1
8,MM076,1
8,MM077,1
8,MM078,1
8,MM079,1
8,MM080,1
8,MM081,1
8,MM082,1
8,MM083,1
8,MM084,1
8,MM085,1
8,MM086,1
8,MM087,1
8,MM088,1
8,MM089,1
8,MM090,1
8,MM091,1
8,MM092,1
8,MM093,1
8,MM094,1
8,MM095,1
8,MM096,1
8,MM097,1
8,MM098,1
8,MM099,1
8,MM100,1
8,MM101,1
8,MM102,1
8,MM103,1
8,MM104,1
8,MM105,1
8,MM106,1
8,MM107,1
8,MM108,1
8,MM109,1
8,MM110,1
8,MM111,1
8,MM112,1
8,MM113,1
8,MM114,1
8,MM115,1
8,MM116,1
8,MM117,1
8,MM118,1
8,MM119,1
8,MM120,1
8,MM121,1
8,MM122,1
8,MM123,1
8,MM124,1
8,MM125,1
8,MM126,1
8,MM127,1
8,MM128,1
8,MM129,1
8,MM130,1
8,MM131,1
8,MM132,1
8,MM133,1
8,MM134,1
8,MM135,1
8,MM136,1
8,MM137,1
8,MM138,1
8,MM139,1
8,MM140,1
8,MM141,1
8,MM142,1
8,MM143,1
8,MM144,1
8,MM145,1
8,MM146,1
8,MM147,1
8,MM148,1
8,MM149,1
8,MM150,1
8,MM151,1
8,MM152,1
8,MM153,1
8,MM154,1
8,MM155,1
8,MM156,1
8,MM157,1
8,MM158,1
8,MM159,1
8,MM160,1
8,MM161,1
8,MM162,1
8,MM163,1
8,MM164,1
8,MM165,1
8,MM166,1
8,MM167,1
8,MM168,1
8,MM169,1
8,MM170,1
8,MM171,1
8,MM172,1
8,MM173,1
8,MM174,1
8,MM175,1
8,MM176,1
8,MM177,1
8,MM178,1
8,MM179,1
8,MM180,1
8,MM181,1
8,MM182,1
8,MM183,1
8,MM184,1
8,MM185,1
8,MM186,1
8,MM187,1
8,MM188,1
8,MM189,1
8,MM190,1
8,MM191,1
8,MM192,1
8,MM193,1
8,MM194,1
8,MM195,1
8,MM196,1
8,MM197,1
8,MM198,1
8,MM199,1
8,MM200,1
8,MM201,1
8,MM202,1
8,MM203,1
8,MM204,1
8,MM205,1
8,MM206,1
8,MM207,1
8,MM208,1
8,MM209,1
8,MM210,1
8,MM211,1
8,MM212,1
8,MM213,1
8,MM214,1
8,MM215,1
8,MM216,1
8,MM217,1
8,MM218,1
8,MM219,1
8,MM220,1
9,MM001,1
9,MM002,1
9,MM003,1
9,MM004,1
9,MM005,1
9,MM006,1
9,MM007,1
9,MM008,1
9,MM009,1
9,MM010,1
9,MM011,1
9,MM012,1
9,MM013,1
9,MM014,1
9,MM015,1
9,MM016,1
9,MM017,1
9,MM018,1
9,MM019,1
9,MM020,1
9,MM021,1
9,MM022,1
9,MM023,1
9,MM024,1
9,MM025,1
9,MM026,1
9,MM027,1
9,MM028,1
9,MM029,1
9,MM030,1
9,MM031,1
9,MM032,1
9,MM033,1
9,MM034,1
9,MM035,1
9,MM036,1
9,MM037,1
9,MM038,1
9,MM039,1
9,MM040,1
9,MM041,1
9,MM042,1
9,MM043,1
9,MM044,1
9,MM045,1
9,MM046,1
9,MM047,1
9,MM048,1
9,MM049,1
9,MM050,1
9,MM051,1
9,MM052,1
9,MM053,1
9,MM054,1
9,MM055,1
9,MM056,1
9,MM057,1
9,MM058,1
9,MM059,1
9,MM060,1
9,MM061,1
9,MM062,1
9,MM063,1
9,MM064,1
9,MM065,1
9,MM066,1
9,MM067,1
9,MM068,1
9,MM069,1
9,MM070,1
9,MM071,1
9,MM072,1
9,MM073,1
9,MM074,1
9,MM075,1
9,MM076,1
9,MM077,1
9,MM078,1
9,MM079,1
9,MM080,1
9,MM081,1
9,MM082,1
9,MM083,1
9,MM084,1
9,MM085,1
9,MM086,1
9,MM087,1
9,MM088,1
9,MM089,1
9,MM090,1
9,MM091,1
9,MM092,1
9,MM093,1
9,MM094,1
9,MM095,1
9,MM096,1
9,MM097,1
9,MM098,1
9,MM099,1
9,MM100,1
9,MM101,1
9,MM102,1
9,MM103,1
9,MM104,1
9,MM105,1
9,MM106,1
9,MM107,1
9,MM108,1
9,MM109,1
9,MM110,1
9,MM111,1
9,MM112,1
9,MM113,1
9,MM114,1
9,MM115,1
9,MM116,1
9,MM117,1
9,MM118,1
9,MM119,1
9,MM120,1
9,MM121,1
9,MM122,1
9,MM123,1
9,MM124,1
9,MM125,1
9,MM126,1
9,MM127,1
9,MM128,1
9,MM129,1
9,MM130,1
9,MM131,1
9,MM132,1
9,MM133,1
9,MM134,1
9,MM135,1
9,MM136,1
9,MM137,1
9,MM138,1
9,MM139,1
9,MM140,1
9,MM141,1
9,MM142,1
9,MM143,1
9,MM144,1
9,MM145,1
9,MM146,1
9,MM147,1
9,MM148,1
9,MM149,1
9,MM150,1
9,MM151,1
9,MM152,1
9,MM153,1
9,MM154,1
9,MM155,1
9,MM156,1
9,MM157,1
9,MM158,1
9,MM159,1
9,MM160,1
9,MM161,1
9,MM162,1
9,MM163,1
9,MM164,1
9,MM165,1
9,MM166,1
9,MM167,1
9,MM168,1
9,MM169,1
9,MM170,1
9,MM171,1
9,MM172,1
9,MM173,1
9,MM174,1
9,MM175,1
9,MM176,1
9,MM177,1
9,MM178,1
9,MM179,1
9,MM180,1
9,MM181,1
9,MM182,1
9,MM183,1
9,MM184,1
9,MM185,1
9,MM186,1
9,MM187,1
9,MM188,1
9,MM189,1
9,MM190,1
9,MM191,1
9,MM192,1
9,MM193,1
9,MM194,1
9,MM195,1
9,MM196,1
9,MM197,1
9,MM198,1
9,MM199,1
9,MM200,1
9,MM201,1
9,MM202,1
9,MM203,1
9,MM204,1
9,MM205,1
9,MM206,1
9,MM207,1
9,MM208,1
9,MM209,1
9,MM210,1
9,MM211,1
9,MM212,1
9,MM213,1
9,MM214,1
9,MM215,1
9,MM216,1
9,MM217,1
9,MM218,1
9,MM219,1
9,MM220,1
10,MM001,1
10,MM002,1
10,MM003,1
10,MM004,1
10,MM005,1
10,MM006,1
10,MM007,1
10,MM008,1
10,MM009,1
10,MM010,1
10,MM011,1
10,MM012,1
10,MM013,1
10,MM014,1
10,MM015,1
10,MM016,1
10,MM017,1
10,MM018,1
10,MM019,1
10,MM020,1
10,MM021,1
10,MM022,1
10,MM023,1
10,MM024,1
10,MM025,1
10,MM026,1
10,MM027,1
10,MM028,1
10,MM029,1
10,MM030,1
10,MM031,1
10,MM032,1
10,MM033,1
10,MM034,1
10,MM035,1
10,MM036,1
10,MM037,1
10,MM038,1
10,MM039,1
10,MM040,1
10,MM041,1
10,MM042,1
10,MM043,1
10,MM044,1
10,MM045,1
10,MM046,1
10,MM047,1
10,MM048,1
10,MM049,1
10,MM050,1
10,MM051,1
10,MM052,1
10,MM053,1
10,MM054,1
10,MM055,1
10,MM056,1
10,MM057,1
10,MM058,1
10,MM059,1
10,MM060,1
10,MM061,1
10,MM062,1
10,MM063,1
10,MM064,1
10,MM065,1
10,MM066,1
10,MM067,1
10,MM068,1
10,MM069,1
10,MM070,1
10,MM071,1
10,MM072,1
10,MM073,1
10,MM074,1
10,MM075,1
10,MM076,1
10,MM077,1
10,MM078,1
10,MM079,1
10,MM080,1
10,MM081,1
10,MM082,1
10,MM083,1
10,MM084,1
10,MM085,1
10,MM086,1
10,MM087,1
10,MM088,1
10,MM089,1
10,MM090,1
10,MM091,1
10,MM092,1
10,MM093,1
10,MM094,1
10,MM095,1
10,MM096,1
10,MM097,1
10,MM098,1
10,MM099,1
10,MM100,1
10,MM101,1
10,MM102,1
10,MM103,1
10,MM104,1
10,MM105,1
10,MM106,1
10,MM107,1
10,MM108,1
10,MM109,1
10,MM110,1
10,MM111,1
10,MM112,1
10,MM113,1
10,MM114,1
10,MM115,1
10,MM116,1
10,MM117,1
10,MM118,1
10,MM119,1
10,MM120,1
10,MM121,1
10,MM122,1
10,MM123,1
10,MM124,1
10,MM125,1
10,MM126,1
10,MM127,1
10,MM128,1
10,MM129,1
10,MM130,1
10,MM131,1
10,MM132,1
10,MM133,1
10,MM134,1
10,MM135,1
10,MM136,1
10,MM137,1
10,MM138,1
10,MM139,1
10,MM140,1
10,MM141,1
10,MM142,1
10,MM143,1
10,MM144,1
10,MM145,1
10,MM146,1
10,MM147,1
10,MM148,1
10,MM149,1
10,MM150,1
10,MM151,1
10,MM152,1
10,MM153,1
10,MM154,1
10,MM155,1
10,MM156,1
10,MM157,1
10,MM158,1
10,MM159,1
10,MM160,1
10,MM161,1
10,MM162,1
10,MM163,1
10,MM164,1
10,MM165,1
10,MM166,1
10,MM167,1
10,MM168,1
10,MM169,1
10,MM170,1
10,MM171,1
10,MM172,1
10,MM173,1
10,MM174,1
10,MM175,1
10,MM176,1
10,MM177,1
10,MM178,1
10,MM179,1
10,MM180,1
10,MM181,1
10,MM182,1
10,MM183,1
10,MM184,1
10,MM185,1
10,MM186,1
10,MM187,1
10,MM188,1
10,MM189,1
10,MM190,1
10,MM191,1
10,MM192,1
10,MM193,1
10,MM194,1
10,MM195,1
10,MM196,1
10,MM197,1
10,MM198,1
10,MM199,1
10,MM200,1
10,MM201,1
10,MM202,1
10,MM203,1
10,MM204,1
10,MM205,1
10,MM206,1
10,MM207,1
10,MM208,1
10,MM209,1
10,MM210,1
10,MM211,1
10,MM212,1
10,MM213,1
10,MM214,1
10,MM215,1
10,MM216,1
10,MM217,1
10,MM218,1
10,MM219,1
10,MM220,1
11,MM001,1
11,MM002,1
11,MM003,1
11,MM004,1
11,MM005,1
11,MM006,1
11,MM007,1
11,MM008,1
11,MM009,1
11,MM010,1
11,MM011,1
11,MM012,1
11,MM013,1
11,MM014,1
11,MM015,1
11,MM016,1
11,MM017,1
11,MM018,1
11,MM019,1
11,MM020,1
11,MM021,1
11,MM022,1
11,MM023,1
11,MM024,1
11,MM025,1
11,MM026,1
11,MM027,1
11,MM028,1
11,MM029,1
11,MM030,1
11,MM031,1
11,MM032,1
11,MM033,1
11,MM034,1
11,MM035,1
11,MM036,1
11,MM037,1
11,MM038,1
11,MM039,1
11,MM040,1
11,MM041,1
11,MM042,1
11,MM043,1
11,MM044,1
11,MM045,1
11,MM046,1
11,MM047,1
11,MM048,1
11,MM049,1
11,MM050,1
11,MM051,1
11,MM052,1
11,MM053,1
11,MM054,1
11,MM055,1
11,MM056,1
11,MM057,1
11,MM058,1
11,MM059,1
11,MM060,1
11,MM061,1
11,MM062,1
11,MM063,1
11,MM064,1
11,MM065,1
11,MM066,1
11,MM067,1
11,MM068,1
11,MM069,1
11,MM070,1
11,MM071,1
11,MM072,1
11,MM073,1
11,MM074,1
11,MM075,1
11,MM076,1
11,MM077,1
11,MM078,1
11,MM079,1
11,MM080,1
11,MM081,1
11,MM082,1
11,MM083,1
11,MM084,1
11,MM085,1
11,MM086,1
11,MM087,1
11,MM088,1
11,MM089,1
11,MM090,1
11,MM091,1
11,MM092,1
11,MM093,1
11,MM094,1
11,MM095,1
11,MM096,1
11,MM097,1
11,MM098,1
11,MM099,1
11,MM100,1
11,MM101,1
11,MM102,1
11,MM103,1
11,MM104,1
11,MM105,1
11,MM106,1
11,MM107,1
11,MM108,1
11,MM109,1
11,MM110,1
11,MM111,1
11,MM112,1
11,MM113,1
11,MM114,1
11,MM115,1
11,MM116,1
11,MM117,1
11,MM118,1
11,MM119,1
11,MM120,1
11,MM121,1
11,MM122,1
11,MM123,1
11,MM124,1
11,MM125,1
11,MM126,1
11,MM127,1
11,MM128,1
11,MM129,1
11,MM130,1
11,MM131,1
11,MM132,1
11,MM133,1
11,MM134,1
11,MM135,1
11,MM136,1
11,MM137,1
11,MM138,1
11,MM139,1
11,MM140,1
11,MM141,1
11,MM142,1
11,MM143,1
11,MM144,1
11,MM145,1
11,MM146,1
11,MM147,1
11,MM148,1
11,MM149,1
11,MM150,1
11,MM151,1
11,MM152,1
11,MM153,1
11,MM154,1
11,MM155,1
11,MM156,1
11,MM157,1
11,MM158,1
11,MM159,1
11,MM160,1
11,MM161,1
11,MM162,1
11,MM163,1
11,MM164,1
11,MM165,1
11,MM166,1
11,MM167,1
11,MM168,1
11,MM169,1
11,MM170,1
11,MM171,1
11,MM172,1
11,MM173,1
11,MM174,1
11,MM175,1
11,MM176,1
11,MM177,1
11,MM178,1
11,MM179,1
11,MM180,1
11,MM181,1
11,MM182,1
11,MM183,1
11,MM184,1
11,MM185,1
11,MM186,1
11,MM187,1
11,MM188,1
11,MM189,1
11,MM190,1
11,MM191,1
11,MM192,1
11,MM193,1
11,MM194,1
11,MM195,1
11,MM196,1
11,MM197,1
11,MM198,1
11,MM199,1
11,MM200,1
11,MM201,1
11,MM202,1
11,MM203,1
11,MM204,1
11,MM205,1
11,MM206,1
11,MM207,1
11,MM208,1
11,MM209,1
11,MM210,1
11,MM211,1
11,MM212,1
11,MM213,1
11,MM214,1
11,MM215,1
11,MM216,1
11,MM217,1
11,MM218,1
11,MM219,1
11,MM220,1
12,MM001,1
12,MM002,1
12,MM003,1
12,MM004,1
12,MM005,1
12,MM006,1
12,MM007,1
12,MM008,1
12,MM009,1
12,MM010,1
12,MM011,1
12,MM012,1
12,MM013,1
12,MM014,1
12,MM015,1
12,MM016,1
12,MM017,1
12,MM018,1
12,MM019,1
12,MM020,1
12,MM021,1
12,MM022,1
12,MM023,1
12,MM024,1
12,MM025,1
12,MM026,1
12,MM027,1
12,MM028,1
12,MM029,1
12,MM030,1
12,MM031,1
12,MM032,1
12,MM033,1
12,MM034,1
12,MM035,1
12,MM036,1
12,MM037,1
12,MM038,1
12,MM039,1
12,MM040,1
12,MM041,1
12,MM042,1
12,MM043,1
12,MM044,1
12,MM045,1
12,MM046,1
12,MM047,1
12,MM048,1
12,MM049,1
12,MM050,1
12,MM051,1
12,MM052,1
12,MM053,1
12,MM054,1
12,MM055,1
12,MM056,1
12,MM057,1
12,MM058,1
12,MM059,1
12,MM060,1
12,MM061,1
12,MM062,1
12,MM063,1
12,MM064,1
12,MM065,1
12,MM066,1
12,MM067,1
12,MM068,1
12,MM069,1
12,MM070,1
12,MM071,1
12,MM072,1
12,MM073,1
12,MM074,1
12,MM075,1
12,MM076,1
12,MM077,1
12,MM078,1
12,MM079,1
12,MM080,1
12,MM081,1
12,MM082,1
12,MM083,1
12,MM084,1
12,MM085,1
12,MM086,1
12,MM087,1
12,MM088,1
12,MM089,1
12,MM090,1
12,MM091,1
12,MM092,1
12,MM093,1
12,MM094,1
12,MM095,1
12,MM096,1
12,MM097,1
12,MM098,1
12,MM099,1
12,MM100,1
12,MM101,1
12,MM102,1
12,MM103,1
12,MM104,1
12,MM105,1
12,MM106,1
12,MM107,1
12,MM108,1
12,MM109,1
12,MM110,1
12,MM111,1
12,MM112,1
12,MM113,1
12,MM114,1
12,MM115,1
12,MM116,1
12,MM117,1
12,MM118,1
12,MM119,1
12,MM120,1
12,MM121,1
12,MM122,1
12,MM123,1
12,MM124,1
12,MM125,1
12,MM126,1
12,MM127,1
12,MM128,1
12,MM129,1
12,MM130,1
12,MM131,1
12,MM132,1
12,MM133,1
12,MM134,1
12,MM135,1
12,MM136,1
12,MM137,1
12,MM138,1
12,MM139,1
12,MM140,1
12,MM141,1
12,MM142,1
12,MM143,1
12,MM144,1
12,MM145,1
12,MM146,1
12,MM147,1
12,MM148,1
12,MM149,1
12,MM150,1
12,MM151,1
12,MM152,1
12,MM153,1
12,MM154,1
12,MM155,1
12,MM156,1
12,MM157,1
12,MM158,1
12,MM159,1
12,MM160,1
12,MM161,1
12,MM162,1
12,MM163,1
12,MM164,1
12,MM165,1
12,MM166,1
12,MM167,1
12,MM168,1
12,MM169,1
12,MM170,1
12,MM171,1
12,MM172,1
12,MM173,1
12,MM174,1
12,MM175,1
12,MM176,1
12,MM177,1
12,MM178,1
12,MM179,1
12,MM180,1
12,MM181,1
12,MM182,1
12,MM183,1
12,MM184,1
12,MM185,1
12,MM186,1
12,MM187,1
12,MM188,1
12,MM189,1
12,MM190,1
12,MM191,1
12,MM192,1
12,MM193,1
12,MM194,1
12,MM195,1
12,MM196,1
12,MM197,1
12,MM198,1
12,MM199,1
12,MM200,1
12,MM201,1
12,MM202,1
12,MM203,1
12,MM204,1
12,MM205,1
12,MM206,1
12,MM207,1
12,MM208,1
12,MM209,1
12,MM210,1
12,MM211,1
12,MM212,1
12,MM213,1
12,MM214,1
12,MM215,1
12,MM216,1
12,MM217,1
12,MM218,1
12,MM219,1
12,MM220,1
13,MM001,1
13,MM002,1
13,MM003,1
13,MM004,1
13,MM005,1
13,MM006,1
13,MM007,1
13,MM008,1
13,MM009,1
13,MM010,1
13,MM011,1
13,MM012,1
13,MM013,1
13,MM014,1
13,MM015,1
13,MM016,1
13,MM017,1
13,MM018,1
13,MM019,1
13,MM020,1
13,MM021,1
13,MM022,1
13,MM023,1
13,MM024,1
13,MM025,1
13,MM026,1
13,MM027,1
13,MM028,1
13,MM029,1
13,MM030,1
13,MM031,1
13,MM032,1
13,MM033,1
13,MM034,1
13,MM035,1
13,MM036,1
13,MM037,1
13,MM038,1
13,MM039,1
13,MM040,1
13,MM041,1
13,MM042,1
13,MM043,1
13,MM044,1
13,MM045,1
13,MM046,1
13,MM047,1
13,MM048,1
13,MM049,1
13,MM050,1
13,MM051,1
13,MM052,1
13,MM053,1
13,MM054,1
13,MM055,1
13,MM056,1
13,MM057,1
13,MM058,1
13,MM059,1
13,MM060,1
13,MM061,1
13,MM062,1
13,MM063,1
13,MM064,1
13,MM065,1
13,MM066,1
13,MM067,1
13,MM068,1
13,MM069,1
13,MM070,1
13,MM071,1
13,MM072,1
13,MM073,1
13,MM074,1
13,MM075,1
13,MM076,1
13,MM077,1
13,MM078,1
13,MM079,1
13,MM080,1
13,MM081,1
13,MM082,1
13,MM083,1
13,MM084,1
13,MM085,1
13,MM086,1
13,MM087,1
13,MM088,1
13,MM089,1
13,MM090,1
13,MM091,1
13,MM092,1
13,MM093,1
13,MM094,1
13,MM095,1
13,MM096,1
13,MM097,1
13,MM098,1
13,MM099,1
13,MM100,1
13,MM101,1
13,MM102,1
13,MM103,1
13,MM104,1
13,MM105,1
13,MM106,1
13,MM107,1
13,MM108,1
13,MM109,1
13,MM110,1
13,MM111,1
13,MM112,1
13,MM113,1
13,MM114,1
13,MM115,1
13,MM116,1
13,MM117,1
13,MM118,1
13,MM119,1
13,MM120,1
13,MM121,1
13,MM122,1
13,MM123,1
13,MM124,1
13,MM125,1
13,MM126,1
13,MM127,1
13,MM128,1
13,MM129,1
13,MM130,1
13,MM131,1
13,MM132,1
13,MM133,1
13,MM134,1
13,MM135,1
13,MM136,1
13,MM137,1
13,MM138,1
13,MM139,1
13,MM140,1
13,MM141,1
13,MM142,1
13,MM143,1
13,MM144,1
13,MM145,1
13,MM146,1
13,MM147,1
13,MM148,1
13,MM149,1
13,MM150,1
13,MM151,1
13,MM152,1
13,MM153,1
13,MM154,1
13,MM155,1
13,MM156,1
13,MM157,1
13,MM158,1
13,MM159,1
13,MM160,1
13,MM161,1
13,MM162,1
13,MM163,1
13,MM164,1
13,MM165,1
13,MM166,1
13,MM167,1
13,MM168,1
13,MM169,1
13,MM170,1
13,MM171,1
13,MM172,1
13,MM173,1
13,MM174,1
13,MM175,1
13,MM176,1
13,MM177,1
13,MM178,1
13,MM179,1
13,MM180,1
13,MM181,1
13,MM182,1
13,MM183,1
13,MM184,1
13,MM185,1
13,MM186,1
13,MM187,1
13,MM188,1
13,MM189,1
13,MM190,1
13,MM191,1
13,MM192,1
13,MM193,1
13,MM194,1
13,MM195,1
13,MM196,1
13,MM197,1
13,MM198,1
13,MM199,1
13,MM200,1
13,MM201,1
13,MM202,1
13,MM203,1
13,MM204,1
13,MM205,1
13,MM206,1
13,MM207,1
13,MM208,1
13,MM209,1
13,MM210,1
13,MM211,1
13,MM212,1
13,MM213,1
13,MM214,1
13,MM215,1
13,MM216,1
13,MM217,1
13,MM218,1
13,MM219,1
13,MM220,1
14,MM001,1
14,MM002,1
14,MM003,1
14,MM004,1
14,MM005,1
14,MM006,1
14,MM007,1
14,MM008,1
14,MM009,1
14,MM010,1
14,MM011,1
14,MM012,1
14,MM013,1
14,MM014,1
14,MM015,1
14,MM016,1
14,MM017,1
14,MM018,1
14,MM019,1
14,MM020,1
14,MM021,1
14,MM022,1
14,MM023,1
14,MM024,1
14,MM025,1
14,MM026,1
14,MM027,1
14,MM028,1
14,MM029,1
14,MM030,1
14,MM031,1
14,MM032,1
14,MM033,1
14,MM034,1
14,MM035,1
14,MM036,1
14,MM037,1
14,MM038,1
14,MM039,1
14,MM040,1
14,MM041,1
14,MM042,1
14,MM043,1
14,MM044,1
14,MM045,1
14,MM046,1
14,MM047,1
14,MM048,1
14,MM049,1
14,MM050,1
14,MM051,1
14,MM052,1
14,MM053,1
14,MM054,1
14,MM055,1
14,MM056,1
14,MM057,1
14,MM058,1
14,MM059,1
14,MM060,1
14,MM061,1
14,MM062,1
14,MM063,1
14,MM064,1
14,MM065,1
14,MM066,1
14,MM067,1
14,MM068,1
14,MM069,1
14,MM070,1
14,MM071,1
14,MM072,1
14,MM073,1
14,MM074,1
14,MM075,1
14,MM076,1
14,MM077,1
14,MM078,1
14,MM079,1
14,MM080,1
14,MM081,1
14,MM082,1
14,MM083,1
14,MM084,1
14,MM085,1
14,MM086,1
14,MM087,1
14,MM088,1
14,MM089,1
14,MM090,1
14,MM091,1
14,MM092,1
14,MM093,1
14,MM094,1
14,MM095,1
14,MM096,1
14,MM097,1
14,MM098,1
14,MM099,1
14,MM100,1
14,MM101,1
14,MM102,1
14,MM103,1
14,MM104,1
14,MM105,1
14,MM106,1
14,MM107,1
14,MM108,1
14,MM109,1
14,MM110,1
14,MM111,1
14,MM112,1
14,MM113,1
14,MM114,1
14,MM115,1
14,MM116,1
14,MM117,1
14,MM118,1
14,MM119,1
14,MM120,1
14,MM121,1
14,MM122,1
14,MM123,1
14,MM124,1
14,MM125,1
14,MM126,1
14,MM127,1
14,MM128,1
14,MM129,1
14,MM130,1
14,MM131,1
14,MM132,1
14,MM133,1
14,MM134,1
14,MM135,1
14,MM136,1
14,MM137,1
14,MM138,1
14,MM139,1
14,MM140,1
14,MM141,1
14,MM142,1
14,MM143,1
14,MM144,1
14,MM145,1
14,MM146,1
14,MM147,1
14,MM148,1
14,MM149,1
14,MM150,1
14,MM151,1
14,MM152,1
14,MM153,1
14,MM154,1
14,MM155,1
14,MM156,1
14,MM157,1
14,MM158,1
14,MM159,1
14,MM160,1
14,MM161,1
14,MM162,1
14,MM163,1
14,MM164,1
14,MM165,1
14,MM166,1
14,MM167,1
14,MM168,1
14,MM169,1
14,MM170,1
14,MM171,1
14,MM172,1
14,MM173,1
14,MM174,1
14,MM175,1
14,MM176,1
14,MM177,1
14,MM178,1
14,MM179,1
14,MM180,1
14,MM181,1
14,MM182,1
14,MM183,1
14,MM184,1
14,MM185,1
14,MM186,1
14,MM187,1
14,MM188,1
14,MM189,1
14,MM190,1
14,MM191,1
14,MM192,1
14,MM193,1
14,MM194,1
14,MM195,1
14,MM196,1
14,MM197,1
14,MM198,1
14,MM199,1
14,MM200,1
14,MM201,1
14,MM202,1
14,MM203,1
14,MM204,1
14,MM205,1
14,MM206,1
14,MM207,1
14,MM208,1
14,MM209,1
14,MM210,1
14,MM211,1
14,MM212,1
14,MM213,1
14,MM214,1
14,MM215,1
14,MM216,1
14,MM217,1
14,MM218,1
14,MM219,1
14,MM220,1
15,MM001,1
15,MM002,1
15,MM003,1
15,MM004,1
15,MM005,1
15,MM006,1
15,MM007,1
15,MM008,1
15,MM009,1
15,MM010,1
15,MM011,1
15,MM012,1
15,MM013,1
15,MM014,1
15,MM015,1
15,MM016,1
15,MM017,1
15,MM018,1
15,MM019,1
15,MM020,1
15,MM021,1
15,MM022,1
15,MM023,1
15,MM024,1
15,MM025,1
15,MM026,1
15,MM027,1
15,MM028,1
15,MM029,1
15,MM030,1
15,MM031,1
15,MM032,1
15,MM033,1
15,MM034,1
15,MM035,1
15,MM036,1
15,MM037,1
15,MM038,1
15,MM039,1
15,MM040,1
15,MM041,1
15,MM042,1
15,MM043,1
15,MM044,1
15,MM045,1
15,MM046,1
15,MM047,1
15,MM048,1
15,MM049,1
15,MM050,1
15,MM051,1
15,MM052,1
15,MM053,1
15,MM054,1
15,MM055,1
15,MM056,1
15,MM057,1
15,MM058,1
15,MM059,1
15,MM060,1
15,MM061,1
15,MM062,1
15,MM063,1
15,MM064,1
15,MM065,1
15,MM066,1
15,MM067,1
15,MM068,1
15,MM069,1
15,MM070,1
15,MM071,1
15,MM072,1
15,MM073,1
15,MM074,1
15,MM075,1
15,MM076,1
15,MM077,1
15,MM078,1
15,MM079,1
15,MM080,1
15,MM081,1
15,MM082,1
15,MM083,1
15,MM084,1
15,MM085,1
15,MM086,1
15,MM087,1
15,MM088,1
15,MM089,1
15,MM090,1
15,MM091,1
15,MM092,1
15,MM093,1
15,MM094,1
15,MM095,1
15,MM096,1
15,MM097,1
15,MM098,1
15,MM099,1
15,MM100,1
15,MM101,1
15,MM102,1
15,MM103,1
15,MM104,1
15,MM105,1
15,MM106,1
15,MM107,1
15,MM108,1
15,MM109,1
15,MM110,1
15,MM111,1
15,MM112,1
15,MM113,1
15,MM114,1
15,MM115,1
15,MM116,1
15,MM117,1
15,MM118,1
15,MM119,1
15,MM120,1
15,MM121,1
15,MM122,1
15,MM123,1
15,MM124,1
15,MM125,1
15,MM126,1
15,MM127,1
15,MM128,1
15,MM129,1
15,MM130,1
15,MM131,1
15,MM132,1
15,MM133,1
15,MM134,1
15,MM135,1
15,MM136,1
15,MM137,1
15,MM138,1
15,MM139,1
15,MM140,1
15,MM141,1
15,MM142,1
15,MM143,1
15,MM144,1
15,MM145,1
15,MM146,1
15,MM147,1
15,MM148,1
15,MM149,1
15,MM150,1
15,MM151,1
15,MM152,1
15,MM153,1
15,MM154,1
15,MM155,1
15,MM156,1
15,MM157,1
15,MM158,1
15,MM159,1
15,MM160,1
15,MM161,1
15,MM162,1
15,MM163,1
15,MM164,1
15,MM165,1
15,MM166,1
15,MM167,1
15,MM168,1
15,MM169,1
15,MM170,1
15,MM171,1
15,MM172,1
15,MM173,1
15,MM174,1
15,MM175,1
15,MM176,1
15,MM177,1
15,MM178,1
15,MM179,1
15,MM180,1
15,MM181,1
15,MM182,1
15,MM183,1
15,MM184,1
15,MM185,1
15,MM186,1
15,MM187,1
15,MM188,1
15,MM189,1
15,MM190,1
15,MM191,1
15,MM192,1
15,MM193,1
15,MM194,1
15,MM195,1
15,MM196,1
15,MM197,1
15,MM198,1
15,MM199,1
15,MM200,1
15,MM201,1
15,MM202,1
15,MM203,1
15,MM204,1
15,MM205,1
15,MM206,1
15,MM207,1
15,MM208,1
15,MM209,1
15,MM210,1
15,MM211,1
15,MM212,1
15,MM213,1
15,MM214,1
15,MM215,1
15,MM216,1
15,MM217,1
15,MM218,1
15,MM219,1
15,MM220,1
