MaKhuVuc,MaMon
1,MM0001
1,MM0002
1,MM0003
1,MM0004
1,MM0005
1,MM0006
1,MM0007
1,MM0008
1,MM0009
1,MM0010
1,MM0011
1,MM0012
1,MM0013
1,MM0014
1,MM0015
1,MM0016
1,MM0017
1,MM0018
1,MM0019
1,MM0020
1,MM0021
1,MM0022
1,MM0023
1,MM0024
1,MM0025
1,MM0026
1,MM0027
1,MM0028
1,MM0029
1,MM0030
1,MM0031
1,MM0032
1,MM0033
1,MM0034
1,MM0035
1,MM0036
1,MM0037
1,MM0038
1,MM0039
1,MM0040
1,MM0041
1,MM0042
1,MM0043
1,MM0044
1,MM0045
1,MM0046
1,MM0047
1,MM0048
1,MM0049
1,MM0050
1,MM0051
1,MM0052
1,MM0053
1,MM0054
1,MM0055
1,MM0056
1,MM0057
1,MM0058
1,MM0059
1,MM0060
1,MM0061
1,MM0062
1,MM0063
1,MM0064
1,MM0065
1,MM0066
1,MM0067
1,MM0068
1,MM0069
1,MM0070
1,MM0071
1,MM0072
1,MM0073
1,MM0074
1,MM0075
1,MM0076
1,MM0077
1,MM0078
1,MM0079
1,MM0080
1,MM0081
1,MM0082
1,MM0083
1,MM0084
1,MM0085
1,MM0086
1,MM0087
1,MM0088
1,MM0089
1,MM0090
1,MM0091
1,MM0092
1,MM0093
1,MM0094
1,MM0095
1,MM0096
1,MM0097
1,MM0098
1,MM0099
1,MM0100
1,MM0101
1,MM0102
1,MM0103
1,MM0104
1,MM0105
1,MM0106
1,MM0107
1,MM0108
1,MM0109
1,MM0110
1,MM0111
1,MM0112
1,MM0113
1,MM0114
1,MM0115
1,MM0116
1,MM0117
1,MM0118
1,MM0119
1,MM0120
1,MM0121
1,MM0122
1,MM0123
1,MM0124
1,MM0125
1,MM0126
1,MM0127
1,MM0128
1,MM0129
1,MM0130
1,MM0131
1,MM0132
1,MM0133
1,MM0134
1,MM0135
1,MM0136
1,MM0137
1,MM0138
1,MM0139
1,MM0140
1,MM0141
1,MM0142
1,MM0143
1,MM0144
1,MM0145
1,MM0146
1,MM0147
1,MM0148
1,MM0149
1,MM0150
1,MM0151
1,MM0152
1,MM0153
1,MM0154
1,MM0155
1,MM0156
1,MM0157
1,MM0158
1,MM0159
1,MM0160
1,MM0161
1,MM0162
1,MM0163
1,MM0164
1,MM0165
1,MM0166
1,MM0167
1,MM0168
1,MM0169
1,MM0170
1,MM0171
1,MM0172
1,MM0173
1,MM0174
1,MM0175
1,MM0176
1,MM0177
1,MM0178
1,MM0179
1,MM0180
1,MM0181
1,MM0182
1,MM0183
1,MM0184
1,MM0185
1,MM0186
1,MM0187
1,MM0188
1,MM0189
1,MM0190
1,MM0191
1,MM0192
1,MM0193
1,MM0194
1,MM0195
1,MM0196
1,MM0197
1,MM0198
1,MM0199
1,MM0200
1,MM0201
1,MM0202
1,MM0203
1,MM0204
1,MM0205
1,MM0206
1,MM0207
1,MM0208
1,MM0209
1,MM0210
1,MM0211
1,MM0212
1,MM0213
1,MM0214
1,MM0215
1,MM0216
1,MM0217
1,MM0218
1,MM0219
1,MM0220
2,MM0001
2,MM0002
2,MM0003
2,MM0004
2,MM0005
2,MM0006
2,MM0007
2,MM0008
2,MM0009
2,MM0010
2,MM0011
2,MM0012
2,MM0013
2,MM0014
2,MM0015
2,MM0016
2,MM0017
2,MM0018
2,MM0019
2,MM0020
2,MM0021
2,MM0022
2,MM0023
2,MM0024
2,MM0025
2,MM0026
2,MM0027
2,MM0028
2,MM0029
2,MM0030
2,MM0031
2,MM0032
2,MM0033
2,MM0034
2,MM0035
2,MM0036
2,MM0037
2,MM0038
2,MM0039
2,MM0040
2,MM0041
2,MM0042
2,MM0043
2,MM0044
2,MM0045
2,MM0046
2,MM0047
2,MM0048
2,MM0049
2,MM0050
2,MM0051
2,MM0052
2,MM0053
2,MM0054
2,MM0055
2,MM0056
2,MM0057
2,MM0058
2,MM0059
2,MM0060
2,MM0061
2,MM0062
2,MM0063
2,MM0064
2,MM0065
2,MM0066
2,MM0067
2,MM0068
2,MM0069
2,MM0070
2,MM0071
2,MM0072
2,MM0073
2,MM0074
2,MM0075
2,MM0076
2,MM0077
2,MM0078
2,MM0079
2,MM0080
2,MM0081
2,MM0082
2,MM0083
2,MM0084
2,MM0085
2,MM0086
2,MM0087
2,MM0088
2,MM0089
2,MM0090
2,MM0091
2,MM0092
2,MM0093
2,MM0094
2,MM0095
2,MM0096
2,MM0097
2,MM0098
2,MM0099
2,MM0100
2,MM0101
2,MM0102
2,MM0103
2,MM0104
2,MM0105
2,MM0106
2,MM0107
2,MM0108
2,MM0109
2,MM0110
2,MM0111
2,MM0112
2,MM0113
2,MM0114
2,MM0115
2,MM0116
2,MM0117
2,MM0118
2,MM0119
2,MM0120
2,MM0121
2,MM0122
2,MM0123
2,MM0124
2,MM0125
2,MM0126
2,MM0127
2,MM0128
2,MM0129
2,MM0130
2,MM0131
2,MM0132
2,MM0133
2,MM0134
2,MM0135
2,MM0136
2,MM0137
2,MM0138
2,MM0139
2,MM0140
2,MM0141
2,MM0142
2,MM0143
2,MM0144
2,MM0145
2,MM0146
2,MM0147
2,MM0148
2,MM0149
2,MM0150
2,MM0151
2,MM0152
2,MM0153
2,MM0154
2,MM0155
2,MM0156
2,MM0157
2,MM0158
2,MM0159
2,MM0160
2,MM0161
2,MM0162
2,MM0163
2,MM0164
2,MM0165
2,MM0166
2,MM0167
2,MM0168
2,MM0169
2,MM0170
2,MM0171
2,MM0172
2,MM0173
2,MM0174
2,MM0175
2,MM0176
2,MM0177
2,MM0178
2,MM0179
2,MM0180
2,MM0181
2,MM0182
2,MM0183
2,MM0184
2,MM0185
2,MM0186
2,MM0187
2,MM0188
2,MM0189
2,MM0190
2,MM0191
2,MM0192
2,MM0193
2,MM0194
2,MM0195
2,MM0196
2,MM0197
2,MM0198
2,MM0199
2,MM0200
2,MM0201
2,MM0202
2,MM0203
2,MM0204
2,MM0205
2,MM0206
2,MM0207
2,MM0208
2,MM0209
2,MM0210
2,MM0211
2,MM0212
2,MM0213
2,MM0214
2,MM0215
2,MM0216
2,MM0217
2,MM0218
2,MM0219
2,MM0220
3,MM0001
3,MM0002
3,MM0003
3,MM0004
3,MM0005
3,MM0006
3,MM0007
3,MM0008
3,MM0009
3,MM0010
3,MM0011
3,MM0012
3,MM0013
3,MM0014
3,MM0015
3,MM0016
3,MM0017
3,MM0018
3,MM0019
3,MM0020
3,MM0021
3,MM0022
3,MM0023
3,MM0024
3,MM0025
3,MM0026
3,MM0027
3,MM0028
3,MM0029
3,MM0030
3,MM0031
3,MM0032
3,MM0033
3,MM0034
3,MM0035
3,MM0036
3,MM0037
3,MM0038
3,MM0039
3,MM0040
3,MM0041
3,MM0042
3,MM0043
3,MM0044
3,MM0045
3,MM0046
3,MM0047
3,MM0048
3,MM0049
3,MM0050
3,MM0051
3,MM0052
3,MM0053
3,MM0054
3,MM0055
3,MM0056
3,MM0057
3,MM0058
3,MM0059
3,MM0060
3,MM0061
3,MM0062
3,MM0063
3,MM0064
3,MM0065
3,MM0066
3,MM0067
3,MM0068
3,MM0069
3,MM0070
3,MM0071
3,MM0072
3,MM0073
3,MM0074
3,MM0075
3,MM0076
3,MM0077
3,MM0078
3,MM0079
3,MM0080
3,MM0081
3,MM0082
3,MM0083
3,MM0084
3,MM0085
3,MM0086
3,MM0087
3,MM0088
3,MM0089
3,MM0090
3,MM0091
3,MM0092
3,MM0093
3,MM0094
3,MM0095
3,MM0096
3,MM0097
3,MM0098
3,MM0099
3,MM0100
3,MM0101
3,MM0102
3,MM0103
3,MM0104
3,MM0105
3,MM0106
3,MM0107
3,MM0108
3,MM0109
3,MM0110
3,MM0111
3,MM0112
3,MM0113
3,MM0114
3,MM0115
3,MM0116
3,MM0117
3,MM0118
3,MM0119
3,MM0120
3,MM0121
3,MM0122
3,MM0123
3,MM0124
3,MM0125
3,MM0126
3,MM0127
3,MM0128
3,MM0129
3,MM0130
3,MM0131
3,MM0132
3,MM0133
3,MM0134
3,MM0135
3,MM0136
3,MM0137
3,MM0138
3,MM0139
3,MM0140
3,MM0141
3,MM0142
3,MM0143
3,MM0144
3,MM0145
3,MM0146
3,MM0147
3,MM0148
3,MM0149
3,MM0150
3,MM0151
3,MM0152
3,MM0153
3,MM0154
3,MM0155
3,MM0156
3,MM0157
3,MM0158
3,MM0159
3,MM0160
3,MM0161
3,MM0162
3,MM0163
3,MM0164
3,MM0165
3,MM0166
3,MM0167
3,MM0168
3,MM0169
3,MM0170
3,MM0171
3,MM0172
3,MM0173
3,MM0174
3,MM0175
3,MM0176
3,MM0177
3,MM0178
3,MM0179
3,MM0180
3,MM0181
3,MM0182
3,MM0183
3,MM0184
3,MM0185
3,MM0186
3,MM0187
3,MM0188
3,MM0189
3,MM0190
3,MM0191
3,MM0192
3,MM0193
3,MM0194
3,MM0195
3,MM0196
3,MM0197
3,MM0198
3,MM0199
3,MM0200
3,MM0201
3,MM0202
3,MM0203
3,MM0204
3,MM0205
3,MM0206
3,MM0207
3,MM0208
3,MM0209
3,MM0210
3,MM0211
3,MM0212
3,MM0213
3,MM0214
3,MM0215
3,MM0216
3,MM0217
3,MM0218
3,MM0219
3,MM0220
